"","stgno","t2d","t2u","t3","tPart","tGFd","tGFu","tSing","tOri","tExt","tThrough","divSIB","divCSIB","divRT","divBC","extProp","oriProp","extPC","oriPC","ext3t","ori3t","extC3t","oriC3t","extGF","oriGF","E2f3","O2f3","ext2f3","ori2f3","samp3t","sampRange"
"1",1,NA,74,NA,NA,NA,NA,50,214,NA,NA,264,NA,264,NA,0.189393939393939,1,NA,NA,NA,NA,NA,NA,NA,NA,NA,NA,NA,NA,NA,NA
"2",2,74,72,59,58,NA,44,12,29,0,214,115,151.583392368123,255,214,0.0470588235294118,0.16078431372549,0,0.127085428318697,0.22652764929845,0.199128675110336,-0.0534323770594203,NA,-0.198602442398092,NA,-0.0681818181818182,NA,-0.0659579677917974,NA,0.504273504273504,0.345794392523364
"3",3,72,142,65,21,78,6,13,52,5,238,195,171.490330630069,308,243,0.0584415584415584,0.211038961038961,0.0207907696690738,0.197610249309045,0.102278849120418,0.781439787705624,0.0101635602126126,0.0968032968135868,0.0108109161042157,-0.00611622701743609,0.010752688172043,0,0.0108109161042157,0,0.755813953488372,0.525210084033613
"4",4,142,233,114,11,21,18,25,133,4,286,354,258.005138391831,448,290,0.0647321428571429,0.352678571428571,0.0138891121606672,0.381879109102285,0.219628609206765,0.714840005171205,0.0148341965607521,0.434879978813334,0.0675932911325283,0.513561603584865,0.065359477124183,0.381147540983607,0.0675932911325283,0.479888388478277,0.912,0.671328671328671
"5",5,233,236,176,40,15,51,19,87,17,402,369,301.014475698974,525,419,0.0685714285714286,0.201904761904762,0.0414188313031166,0.195910400855851,0.280554458527549,0.293347809987458,0.0323141181270646,0.201232521079653,0.0222231367847103,0.177983155195356,0.021978021978022,0.0833333333333333,0.0222231367847103,0.0870113769896299,0.814814814814815,0.611940298507463
"6",6,236,236,181,51,47,43,30,59,25,464,382,325.456316368136,578,489,0.0951557093425606,0.153979238754325,0.0524779372486168,0.119696911838668,0.265334773759784,0.265334773759784,0.00837460006630514,0.060540361113771,0.0427111180930499,0.0282704339382555,0.0278745644599303,0.0278745644599303,0.0282704339382555,0.0282704339382555,0.780172413793103,0.577586206896552
"7",7,236,240,157,46,47,31,22,71,50,473,425,365.262634550663,616,523,0.116883116883117,0.150974025974026,0.10048607557299,0.13985385836401,0.407585999677302,0.424393117993683,0.217542396789437,0.176152777593199,0.186585955580412,0.134530892957606,0.124113475177305,0.115384615384615,0.132518734310136,0.122602322092332,0.773399014778325,0.596194503171247
"8",8,240,253,172,36,33,10,8,82,25,519,413,331.974611556819,634,544,0.0520504731861199,0.141955835962145,0.0470453636900539,0.146691051369319,0.333144446528538,0.385895011914067,0.175515502324955,0.128934838220588,0.235905802928061,0.181629754621777,0.108695652173913,0.14878892733564,0.115069329784787,0.161095152180069,0.826923076923077,0.574181117533719
"9",9,253,96,82,14,8,220,5,55,18,583,375,291.815650533299,661,601,0.0347957639939486,0.0907715582450832,0.0304077481847152,0.0901510969942974,1.12667024146327,0.157628944203583,-0.0794279621749823,-0.0324146586842819,-0.168493555186663,0.0560894666510436,0,0.0181818181818182,0,0.0183491386681966,0.854166666666667,0.509433962264151
"10",10,96,133,94,220,90,12,7,24,0,638,153,339.713774704344,669,638,0.0104633781763827,0.0463378176382661,0,0.0369272725922184,0.0210534091978323,0.34705434595175,0.00744775714205366,0.189425401748167,-0.0311551677797956,-0.134946821027853,-0.0316455696202532,-0.144475920679887,-0.0311551677797955,-0.134946821027853,0.299363057324841,0.191222570532915
"11",11,133,216,73,1,95,55,39,115,54,608,657,442.684341859014,816,662,0.113970588235294,0.188725490196078,0.0850906739708412,0.173234340192598,0.599889687073363,1.08481896653577,-0.262571466117186,-0.121279237102476,0.0380273955892393,0.249998638617386,0.0373134328358209,0.221198156682028,0.0380273955892393,0.249998638617386,0.986486486486487,0.738486842105263
"12",12,216,203,187,256,9,64,3,10,10,713,253,398.384628087043,736,723,0.0176630434782609,0.0176630434782609,0.0139278017444687,0.0139278017444687,0.144169790829578,0.0820973621872006,0.033821733660713,0.068491710131422,-0.0715320180056278,0.0153680302283139,-0.0741525423728814,0,-0.0715320180056277,0,0.422121896162528,0.32258064516129
"13",13,203,404,180,21,230,7,28,42,61,662,587,435.69400603036,793,723,0.112232030264817,0.0882723833543506,0.0881436662217565,0.0615128002210342,0.120249128151577,0.80845802707094,0.0162594146275293,-0.0540031261196093,0.0741079721537218,-0.0140189211793309,0.00446428571428571,0,0.00447428039492111,0,0.895522388059702,0.688821752265861
"14",14,404,174,146,16,6,261,44,42,79,625,602,443.995513549082,790,704,0.155696202531646,0.108860759493671,0.119026706421641,0.0650383961792222,1.01780825625281,0.175448677506193,0.0102688529135138,0.0651006203373273,-0.00711746776886399,0.123060092757227,0,0.068421052631579,0,0.0708743395866569,0.901234567901235,0.6992
"15",15,174,181,157,273,76,35,12,6,19,648,218,396.86721950483,685,667,0.0452554744525547,0.0262773722627737,0.028899349563349,0.00921665510492395,0.102809493866221,0.142251225917518,0.0716543260864254,0.03826151239347,-0.0394788109737875,-0.108439471246118,-0.0402684563758389,-0.114537444933921,-0.0394788109737875,-0.108439471246118,0.365116279069767,0.279320987654321
"16",16,181,445,158,5,234,3,44,20,144,510,642,440.235922360763,718,654,0.261838440111421,0.0891364902506964,0.248696625738827,0.0384662808277961,0.135901998238859,1.03547924913927,0.0907815629583895,0.0279398457999736,0.113758885356658,0.125311302077175,0.0860215053763441,0.117777777777778,0.0899482366629396,0.125311302077175,0.969325153374233,0.850980392156863
"17",17,445,138,130,6,1,0,30,2,378,152,549,381.757723499208,562,530,0.725978647686833,0.0569395017793594,1.24899648569989,0.0130720815673528,1.23053983171066,0.0597192347016223,NA,0.0285640669218267,1.19881245376663,0.0498323737478758,0.685144124168514,0.0277777777777778,1.15564028190142,0.0281708769666964,0.955882352941177,0.914473684210526
"18",18,138,0,0,0,0,0,2,0,143,11,150,NA,156,154,0.92948717948718,0.0128205128205128,2.63905732961526,0,NA,NA,NA,NA,NA,NA,1,NA,NA,NA,NA,0.454545454545455
"19",19,0,0,0,0,0,5,0,0,0,11,0,NA,11,11,0,0,0,0,NA,NA,NA,NA,NA,NA,NA,NA,NA,NA,NA,0
"20",20,0,0,0,0,5,NA,0,0,1,10,1,NA,11,11,0.0909090909090909,0,0.0953101798043249,0,NA,NA,NA,NA,NA,NA,NA,NA,NA,NA,NA,0
"21",21,0,NA,NA,NA,NA,NA,1,NA,10,NA,11,NA,11,10,1,0.0909090909090909,NA,NA,NA,NA,NA,NA,NA,NA,NA,NA,NA,NA,NA,NA
